{
  "front": {
    "paths": [
      "src/front-test/features/*.feature"
    ],
    "require": [
      "src/front-test/steps/*.ts"
    ],
    "requireModule": [
      "ts-node/register"
    ],
    "timeout": 60000,
    "formatOptions": {
      "snippetInterface": "async-await"
    },
    "format": [
      [
        "html",
        "src/reports/front/front-report.html"
      ],
      "summary",
      "progress-bar",
      "json:src/reports/front/cucumber-report.json"
    ]
  },
  "api": {
    "paths": [
      "src/api-test/features/*.feature"
    ],
    "require": [
      "src/api-test/tests/*.ts"
    ],
    "requireModule": [
      "ts-node/register"
    ],
    "timeout": 60000,
    "formatOptions": {
      "snippetInterface": "async-await"
    },
    "format": [
      [
        "html",
        "src/reports/api/api-report.html"
      ],
      "summary",
      "progress-bar",
      "json:src/reports/api/cucumber-report.json"
    ]
  },
  "debug": {
    "paths": [
      "src/front-test/features/*.feature"
    ],
    "require": [
      "src/tools/debug/debugHook.ts",
      "src/front-test/steps/*.ts"
    ],
    "requireModule": [
      "ts-node/register"
    ],
    "timeout": 60000,
    "formatOptions": {
      "snippetInterface": "async-await"
    },
    "format": [
      [
        "html",
        "src/reports/front/front-report-debug.html"
      ],
      "summary",
      "progress-bar",
      "json:src/reports/front/cucumber-report-debug.json"
    ]
  }
}
